num_players,num_rounds,round_index,pairs
16,1,0,"(0,4);(1,9);(2,8);(3,7);(5,6);(10,11);(12,13);(14,15)"
16,2,0,"(0,3);(1,2);(4,14);(5,8);(6,15);(7,9);(10,11);(12,13)"
16,2,1,"(0,7);(1,8);(2,5);(3,12);(4,13);(6,11);(9,10);(14,15)"
16,3,0,"(0,12);(1,4);(2,6);(3,14);(5,15);(7,9);(8,13);(10,11)"
16,3,1,"(0,10);(1,8);(2,14);(3,15);(4,6);(5,7);(9,11);(12,13)"
16,3,2,"(0,8);(1,7);(2,5);(3,12);(4,13);(6,11);(9,10);(14,15)"
16,4,0,"(0,10);(1,13);(2,5);(3,14);(4,9);(6,8);(7,12);(11,15)"
16,4,1,"(0,1);(2,4);(3,13);(5,15);(6,9);(7,14);(8,12);(10,11)"
16,4,2,"(0,6);(1,8);(2,7);(3,10);(4,15);(5,14);(9,11);(12,13)"
16,4,3,"(0,11);(1,12);(2,9);(3,7);(4,8);(5,10);(6,13);(14,15)"
16,5,0,"(0,4);(1,11);(2,6);(3,12);(5,9);(7,10);(8,14);(13,15)"
16,5,1,"(0,10);(1,5);(2,3);(4,13);(6,11);(7,15);(8,9);(12,14)"
16,5,2,"(0,8);(1,15);(2,13);(3,9);(4,6);(5,14);(7,12);(10,11)"
16,5,3,"(0,6);(1,7);(2,8);(3,14);(4,15);(5,10);(9,11);(12,13)"
16,5,4,"(0,11);(1,12);(2,9);(3,7);(4,8);(5,6);(10,13);(14,15)"
16,6,0,"(0,10);(1,11);(2,7);(3,4);(5,12);(6,14);(8,15);(9,13)"
16,6,1,"(0,4);(1,3);(2,5);(6,15);(7,14);(8,12);(9,11);(10,13)"
16,6,2,"(0,13);(1,15);(2,12);(3,10);(4,14);(5,9);(6,7);(8,11)"
16,6,3,"(0,7);(1,13);(2,8);(3,15);(4,5);(6,12);(9,14);(10,11)"
16,6,4,"(0,5);(1,4);(2,11);(3,9);(6,8);(7,15);(10,14);(12,13)"
16,6,5,"(0,11);(1,10);(2,9);(3,5);(4,8);(6,13);(7,12);(14,15)"
16,7,0,"(0,14);(1,15);(2,3);(4,9);(5,12);(6,7);(8,10);(11,13)"
16,7,1,"(0,10);(1,2);(3,15);(4,5);(6,8);(7,13);(9,14);(11,12)"
16,7,2,"(0,7);(1,8);(2,11);(3,13);(4,12);(5,6);(9,15);(10,14)"
16,7,3,"(0,13);(1,10);(2,7);(3,9);(4,6);(5,8);(11,14);(12,15)"
16,7,4,"(0,8);(1,7);(2,13);(3,12);(4,14);(5,9);(6,15);(10,11)"
16,7,5,"(0,9);(1,6);(2,14);(3,8);(4,10);(5,15);(7,11);(12,13)"
16,7,6,"(0,11);(1,12);(2,9);(3,7);(4,8);(5,10);(6,13);(14,15)"
16,8,0,"(0,13);(1,9);(2,8);(3,11);(4,5);(6,7);(10,14);(12,15)"
16,8,1,"(0,15);(1,2);(3,14);(4,13);(5,11);(6,8);(7,10);(9,12)"
16,8,2,"(0,14);(1,7);(2,11);(3,8);(4,15);(5,12);(6,9);(10,13)"
16,8,3,"(0,9);(1,14);(2,15);(3,10);(4,11);(5,13);(6,12);(7,8)"
16,8,4,"(0,12);(1,10);(2,6);(3,15);(4,7);(5,9);(8,14);(11,13)"
16,8,5,"(0,6);(1,15);(2,12);(3,13);(4,8);(5,14);(7,9);(10,11)"
16,8,6,"(0,8);(1,6);(2,7);(3,9);(4,14);(5,10);(11,15);(12,13)"
16,8,7,"(0,11);(1,12);(2,9);(3,7);(4,10);(5,6);(8,13);(14,15)"
16,9,0,"(0,1);(2,13);(3,5);(4,15);(6,12);(7,14);(8,10);(9,11)"
16,9,1,"(0,12);(1,4);(2,3);(5,15);(6,14);(7,13);(8,11);(9,10)"
16,9,2,"(0,10);(1,15);(2,8);(3,14);(4,9);(5,6);(7,12);(11,13)"
16,9,3,"(0,13);(1,14);(2,5);(3,4);(6,8);(7,11);(9,15);(10,12)"
16,9,4,"(0,7);(1,13);(2,11);(3,12);(4,10);(5,9);(6,15);(8,14)"
16,9,5,"(0,9);(1,10);(2,7);(3,6);(4,11);(5,8);(12,15);(13,14)"
16,9,6,"(0,15);(1,6);(2,12);(3,9);(4,13);(5,14);(7,8);(10,11)"
16,9,7,"(0,8);(1,9);(2,6);(3,10);(4,14);(5,7);(11,15);(12,13)"
16,9,8,"(0,11);(1,12);(2,9);(3,7);(4,8);(5,10);(6,13);(14,15)"
16,10,0,"(0,7);(1,12);(2,3);(4,10);(5,6);(8,9);(11,15);(13,14)"
16,10,1,"(0,4);(1,7);(2,11);(3,9);(5,8);(6,13);(10,15);(12,14)"
16,10,2,"(0,12);(1,4);(2,6);(3,11);(5,14);(7,8);(9,15);(10,13)"
16,10,3,"(0,15);(1,3);(2,4);(5,13);(6,14);(7,11);(8,12);(9,10)"
16,10,4,"(0,5);(1,13);(2,12);(3,4);(6,11);(7,10);(8,15);(9,14)"
16,10,5,"(0,14);(1,2);(3,8);(4,11);(5,9);(6,15);(7,13);(10,12)"
16,10,6,"(0,9);(1,11);(2,15);(3,5);(4,12);(6,10);(7,14);(8,13)"
16,10,7,"(0,13);(1,15);(2,7);(3,6);(4,5);(8,14);(9,12);(10,11)"
16,10,8,"(0,8);(1,10);(2,9);(3,14);(4,15);(5,11);(6,7);(12,13)"
16,10,9,"(0,11);(1,6);(2,8);(3,10);(4,7);(5,12);(9,13);(14,15)"
16,11,0,"(0,7);(1,3);(2,14);(4,6);(5,8);(9,10);(11,12);(13,15)"
16,11,1,"(0,6);(1,11);(2,10);(3,4);(5,15);(7,8);(9,12);(13,14)"
16,11,2,"(0,4);(1,8);(2,5);(3,10);(6,14);(7,13);(9,11);(12,15)"
16,11,3,"(0,10);(1,15);(2,6);(3,12);(4,11);(5,7);(8,13);(9,14)"
16,11,4,"(0,9);(1,4);(2,11);(3,6);(5,10);(7,14);(8,15);(12,13)"
16,11,5,"(0,14);(1,6);(2,8);(3,11);(4,13);(5,9);(7,15);(10,12)"
16,11,6,"(0,11);(1,9);(2,13);(3,5);(4,8);(6,15);(7,12);(10,14)"
16,11,7,"(0,8);(1,13);(2,12);(3,15);(4,14);(5,11);(6,10);(7,9)"
16,11,8,"(0,12);(1,14);(2,4);(3,7);(5,6);(8,10);(9,13);(11,15)"
16,11,9,"(0,15);(1,7);(2,3);(4,10);(5,13);(6,9);(8,11);(12,14)"
16,11,10,"(0,2);(1,5);(3,13);(4,12);(6,11);(7,10);(8,9);(14,15)"
16,12,0,"(0,2);(1,10);(3,14);(4,6);(5,9);(7,15);(8,13);(11,12)"
16,12,1,"(0,5);(1,7);(2,4);(3,15);(6,12);(8,10);(9,13);(11,14)"
16,12,2,"(0,3);(1,13);(2,14);(4,12);(5,7);(6,15);(8,11);(9,10)"
16,12,3,"(0,6);(1,2);(3,12);(4,15);(5,8);(7,9);(10,14);(11,13)"
16,12,4,"(0,12);(1,11);(2,6);(3,4);(5,15);(7,14);(8,9);(10,13)"
16,12,5,"(0,14);(1,4);(2,13);(3,9);(5,12);(6,8);(7,10);(11,15)"
16,12,6,"(0,8);(1,15);(2,12);(3,7);(4,10);(5,6);(9,11);(13,14)"
16,12,7,"(0,9);(1,8);(2,3);(4,14);(5,11);(6,10);(7,12);(13,15)"
16,12,8,"(0,10);(1,5);(2,8);(3,13);(4,9);(6,14);(7,11);(12,15)"
16,12,9,"(0,13);(1,9);(2,10);(3,5);(4,11);(6,7);(8,15);(12,14)"
16,12,10,"(0,15);(1,14);(2,5);(3,6);(4,8);(7,13);(9,12);(10,11)"
16,12,11,"(0,11);(1,6);(2,9);(3,10);(4,5);(7,8);(12,13);(14,15)"
16,13,0,"(0,2);(1,6);(3,15);(4,10);(5,14);(7,11);(8,13);(9,12)"
16,13,1,"(0,8);(1,14);(2,5);(3,10);(4,12);(6,13);(7,9);(11,15)"
16,13,2,"(0,7);(1,12);(2,4);(3,5);(6,14);(8,15);(9,13);(10,11)"
16,13,3,"(0,6);(1,13);(2,15);(3,12);(4,14);(5,10);(7,8);(9,11)"
16,13,4,"(0,5);(1,2);(3,6);(4,11);(7,15);(8,9);(10,13);(12,14)"
16,13,5,"(0,15);(1,5);(2,14);(3,9);(4,13);(6,8);(7,10);(11,12)"
16,13,6,"(0,10);(1,15);(2,12);(3,7);(4,8);(5,13);(6,11);(9,14)"
16,13,7,"(0,9);(1,10);(2,11);(3,14);(4,15);(5,8);(6,12);(7,13)"
16,13,8,"(0,11);(1,9);(2,6);(3,13);(4,7);(5,12);(8,14);(10,15)"
16,13,9,"(0,14);(1,3);(2,7);(4,5);(6,15);(8,12);(9,10);(11,13)"
16,13,10,"(0,12);(1,7);(2,13);(3,4);(5,15);(6,9);(8,11);(10,14)"
16,13,11,"(0,13);(1,11);(2,10);(3,8);(4,6);(5,9);(7,14);(12,15)"
16,13,12,"(0,1);(2,3);(4,9);(5,11);(6,7);(8,10);(12,13);(14,15)"
16,14,0,"(0,1);(2,7);(3,10);(4,11);(5,14);(6,8);(9,12);(13,15)"
16,14,1,"(0,3);(1,10);(2,13);(4,14);(5,15);(6,7);(8,12);(9,11)"
16,14,2,"(0,15);(1,6);(2,14);(3,12);(4,10);(5,9);(7,8);(11,13)"
16,14,3,"(0,10);(1,4);(2,5);(3,14);(6,12);(7,15);(8,11);(9,13)"
16,14,4,"(0,5);(1,14);(2,3);(4,13);(6,9);(7,12);(8,15);(10,11)"
16,14,5,"(0,6);(1,3);(2,15);(4,9);(5,8);(7,10);(11,14);(12,13)"
16,14,6,"(0,7);(1,2);(3,9);(4,6);(5,12);(8,14);(10,13);(11,15)"
16,14,7,"(0,8);(1,12);(2,11);(3,4);(5,10);(6,13);(7,9);(14,15)"
16,14,8,"(0,9);(1,5);(2,6);(3,11);(4,8);(7,13);(10,15);(12,14)"
16,14,9,"(0,11);(1,13);(2,4);(3,8);(5,7);(6,14);(9,15);(10,12)"
16,14,10,"(0,13);(1,15);(2,12);(3,6);(4,7);(5,11);(8,9);(10,14)"
16,14,11,"(0,12);(1,7);(2,8);(3,5);(4,15);(6,11);(9,10);(13,14)"
16,14,12,"(0,14);(1,11);(2,9);(3,7);(4,12);(5,13);(6,15);(8,10)"
16,14,13,"(0,2);(1,9);(3,15);(4,5);(6,10);(7,14);(8,13);(11,12)"
16,15,0,"(0,1);(2,5);(3,6);(4,9);(7,13);(8,12);(10,15);(11,14)"
16,15,1,"(0,2);(1,9);(3,4);(5,8);(6,11);(7,10);(12,14);(13,15)"
16,15,2,"(0,3);(1,7);(2,4);(5,9);(6,12);(8,11);(10,13);(14,15)"
16,15,3,"(0,4);(1,2);(3,7);(5,10);(6,8);(9,11);(12,15);(13,14)"
16,15,4,"(0,5);(1,8);(2,3);(4,6);(7,9);(10,14);(11,15);(12,13)"
16,15,5,"(0,6);(1,3);(2,11);(4,5);(7,15);(8,13);(9,14);(10,12)"
16,15,6,"(0,7);(1,6);(2,8);(3,15);(4,12);(5,14);(9,10);(11,13)"
16,15,7,"(0,9);(1,4);(2,7);(3,12);(5,13);(6,14);(8,15);(10,11)"
16,15,8,"(0,11);(1,10);(2,6);(3,5);(4,15);(7,12);(8,14);(9,13)"
16,15,9,"(0,10);(1,5);(2,9);(3,8);(4,13);(6,15);(7,14);(11,12)"
16,15,10,"(0,13);(1,14);(2,10);(3,11);(4,8);(5,15);(6,7);(9,12)"
16,15,11,"(0,12);(1,13);(2,15);(3,14);(4,7);(5,11);(6,10);(8,9)"
16,15,12,"(0,14);(1,12);(2,13);(3,10);(4,11);(5,6);(7,8);(9,15)"
16,15,13,"(0,15);(1,11);(2,12);(3,13);(4,14);(5,7);(6,9);(8,10)"
16,15,14,"(0,8);(1,15);(2,14);(3,9);(4,10);(5,12);(6,13);(7,11)"
17,17,0,"(1,5);(2,3);(4,6);(7,9);(8,10);(11,13);(12,16);(14,15)"
17,17,1,"(0,3);(2,4);(5,8);(6,9);(7,11);(10,13);(12,15);(14,16)"
17,17,2,"(0,1);(3,4);(5,6);(7,10);(8,9);(11,14);(12,13);(15,16)"
17,17,3,"(0,2);(1,6);(3,7);(5,9);(8,12);(10,15);(11,16);(13,14)"
17,17,4,"(0,9);(1,2);(3,6);(4,7);(8,13);(10,16);(11,15);(12,14)"
17,17,5,"(0,10);(1,3);(2,11);(4,5);(6,12);(8,15);(9,14);(13,16)"
17,17,6,"(0,4);(1,7);(2,10);(3,8);(5,14);(9,16);(11,12);(13,15)"
17,17,7,"(0,12);(1,4);(2,5);(3,13);(6,16);(7,15);(9,11);(10,14)"
17,17,8,"(0,6);(1,11);(2,12);(3,15);(4,13);(5,10);(7,14);(8,16)"
17,17,9,"(0,15);(1,8);(2,6);(3,11);(4,14);(5,13);(7,16);(9,12)"
17,17,10,"(0,11);(1,9);(2,8);(3,10);(4,16);(5,12);(6,14);(7,13)"
17,17,11,"(0,5);(1,15);(2,16);(3,9);(4,10);(6,13);(7,12);(8,14)"
17,17,12,"(0,14);(1,13);(2,15);(3,16);(4,9);(5,7);(6,10);(8,11)"
17,17,13,"(0,7);(1,14);(2,9);(3,12);(4,15);(5,16);(6,8);(10,11)"
17,17,14,"(0,16);(1,12);(2,13);(3,5);(4,11);(6,15);(7,8);(9,10)"
17,17,15,"(0,8);(1,10);(2,7);(3,14);(4,12);(5,15);(6,11);(9,13)"
17,17,16,"(0,13);(1,16);(2,14);(4,8);(5,11);(6,7);(9,15);(10,12)"
18,9,0,"(0,1);(2,6);(3,14);(4,15);(5,7);(8,11);(9,17);(12,16)"
18,9,1,"(0,2);(1,9);(3,6);(4,14);(5,11);(7,13);(10,17);(15,16)"
18,9,2,"(0,10);(1,5);(2,16);(3,11);(4,13);(6,8);(7,17);(12,15)"
18,9,3,"(0,13);(1,4);(2,15);(5,10);(6,17);(7,16);(8,9);(12,14)"
18,9,4,"(0,8);(2,17);(3,12);(4,9);(5,15);(6,7);(10,11);(13,14)"
18,9,5,"(0,17);(1,8);(2,13);(3,9);(4,7);(5,16);(10,12);(11,14)"
18,9,6,"(1,16);(2,9);(3,10);(4,11);(5,14);(6,15);(7,8);(12,13)"
18,9,7,"(0,12);(1,13);(2,4);(3,16);(6,11);(8,17);(9,10);(14,15)"
18,9,8,"(0,5);(1,10);(3,7);(6,14);(8,15);(9,12);(11,13);(16,17)"
18,18,0,"(0,1);(2,15);(3,13);(5,12);(6,14);(7,16);(9,11);(10,17)"
18,18,1,"(0,8);(2,4);(3,10);(5,11);(7,12);(9,13);(14,17);(15,16)"
18,18,2,"(0,3);(1,6);(2,7);(4,9);(5,14);(10,16);(11,12);(15,17)"
18,18,3,"(0,4);(1,12);(3,14);(5,17);(6,15);(7,9);(8,13);(10,11)"
18,18,4,"(0,7);(1,14);(2,17);(3,5);(4,12);(6,9);(8,10);(13,16)"
18,18,5,"(0,6);(1,5);(2,12);(4,10);(8,16);(9,17);(11,14);(13,15)"
18,18,6,"(0,9);(1,10);(2,13);(3,8);(4,15);(5,7);(6,12);(11,16)"
18,18,7,"(0,10);(1,8);(2,16);(3,17);(5,9);(6,11);(7,13);(12,14)"
18,18,8,"(0,11);(1,17);(2,9);(3,16);(4,6);(5,13);(7,8);(14,15)"
18,18,9,"(0,13);(1,9);(2,11);(3,7);(4,17);(5,15);(8,12);(10,14)"
18,18,10,"(0,12);(1,13);(2,3);(4,5);(6,7);(8,17);(10,15);(14,16)"
18,18,11,"(0,15);(1,11);(3,9);(4,7);(6,13);(8,14);(10,12);(16,17)"
18,18,12,"(1,7);(2,5);(4,8);(6,10);(9,15);(11,17);(12,16);(13,14)"
18,18,13,"(0,14);(1,4);(2,8);(3,15);(5,16);(6,17);(7,10);(11,13)"
18,18,14,"(1,2);(3,6);(4,11);(5,8);(7,17);(9,16);(10,13);(12,15)"
18,18,15,"(0,16);(1,15);(2,14);(3,12);(4,13);(5,6);(8,11);(9,10)"
18,18,16,"(0,17);(2,10);(3,11);(4,14);(6,16);(7,15);(8,9);(12,13)"
18,18,17,"(0,5);(1,16);(2,6);(3,4);(7,11);(8,15);(9,14);(12,17)"
19,19,0,"(0,10);(1,3);(2,11);(4,15);(5,9);(6,14);(7,17);(13,16)"
19,19,1,"(0,2);(3,15);(4,8);(5,11);(6,7);(9,12);(14,16);(17,18)"
19,19,2,"(0,7);(1,13);(2,17);(3,8);(4,5);(9,16);(10,11);(14,18)"
19,19,3,"(0,6);(1,16);(3,5);(4,18);(7,12);(8,10);(11,14);(13,17)"
19,19,4,"(0,5);(1,4);(2,8);(9,18);(10,14);(11,13);(12,15);(16,17)"
19,19,5,"(0,8);(1,2);(3,13);(4,11);(5,14);(6,9);(7,15);(10,16)"
19,19,6,"(0,16);(2,13);(3,9);(4,12);(5,10);(6,17);(7,18);(8,15)"
19,19,7,"(0,9);(1,6);(2,14);(3,11);(5,16);(8,18);(10,17);(12,13)"
19,19,8,"(0,12);(1,18);(2,5);(3,4);(6,15);(8,17);(11,16);(13,14)"
19,19,9,"(0,11);(1,15);(3,17);(4,9);(5,6);(7,14);(10,18);(12,16)"
19,19,10,"(0,13);(1,14);(2,6);(3,12);(4,10);(5,7);(8,16);(9,15)"
19,19,11,"(1,5);(2,3);(4,7);(6,10);(8,11);(9,13);(12,17);(15,18)"
19,19,12,"(0,14);(1,12);(2,16);(3,18);(4,13);(5,15);(7,11);(9,17)"
19,19,13,"(0,15);(2,4);(3,14);(6,16);(7,10);(8,13);(11,17);(12,18)"
19,19,14,"(1,17);(2,15);(3,7);(5,18);(6,11);(8,9);(10,13);(12,14)"
19,19,15,"(0,17);(1,9);(2,10);(5,12);(6,18);(7,16);(8,14);(13,15)"
19,19,16,"(0,18);(1,8);(2,7);(4,16);(6,13);(9,11);(10,12);(15,17)"
19,19,17,"(1,11);(2,12);(3,10);(4,6);(7,8);(9,14);(13,18);(15,16)"
19,19,18,"(0,4);(1,7);(3,6);(5,17);(8,12);(9,10);(11,18);(14,15)"
20,5,0,"(0,1);(3,4);(5,19);(7,12);(8,13);(10,11);(14,18);(15,17)"
20,5,1,"(1,14);(2,9);(3,5);(4,7);(6,19);(8,15);(12,13);(16,18)"
20,5,2,"(0,13);(2,17);(4,12);(5,16);(6,9);(8,11);(10,18);(14,15)"
20,5,3,"(0,3);(1,2);(4,11);(5,12);(6,8);(7,19);(9,10);(16,17)"
20,5,4,"(0,16);(1,10);(2,15);(3,17);(6,13);(7,9);(11,14);(18,19)"
20,10,0,"(0,14);(3,8);(4,17);(5,13);(6,16);(7,15);(10,12);(11,18)"
20,10,1,"(0,5);(2,14);(3,13);(4,11);(6,15);(8,12);(9,10);(17,19)"
20,10,2,"(1,10);(2,12);(3,18);(4,14);(5,17);(7,13);(9,19);(15,16)"
20,10,3,"(1,15);(2,19);(3,17);(5,14);(7,10);(8,9);(11,16);(13,18)"
20,10,4,"(0,10);(1,5);(2,9);(3,7);(4,19);(6,11);(13,15);(14,16)"
20,10,5,"(0,7);(1,9);(4,16);(5,12);(6,10);(8,18);(11,19);(13,17)"
20,10,6,"(0,19);(1,11);(2,16);(3,6);(7,12);(8,14);(9,15);(17,18)"
20,10,7,"(0,2);(1,6);(3,11);(4,9);(5,8);(10,16);(12,18);(14,15)"
20,10,8,"(0,18);(1,8);(2,4);(3,15);(5,7);(6,12);(13,19);(16,17)"
20,10,9,"(0,12);(1,4);(2,10);(6,14);(7,11);(8,13);(9,17);(18,19)"
20,15,0,"(0,18);(1,4);(2,5);(6,15);(8,16);(9,12);(11,17);(13,19)"
20,15,1,"(0,6);(1,8);(3,14);(4,11);(7,19);(9,15);(10,17);(12,18)"
20,15,2,"(0,15);(1,11);(4,7);(5,13);(8,19);(9,17);(10,18);(14,16)"
20,15,3,"(0,11);(2,7);(3,10);(4,19);(5,6);(12,14);(13,18);(15,17)"
20,15,4,"(0,16);(2,8);(3,13);(4,6);(5,9);(7,12);(10,11);(14,15)"
20,15,5,"(0,9);(1,19);(3,11);(4,5);(6,16);(7,10);(8,17);(12,15)"
20,15,6,"(0,8);(1,5);(2,13);(3,6);(7,14);(9,18);(10,19);(12,16)"
20,15,7,"(1,12);(2,17);(3,9);(4,8);(5,19);(7,13);(10,14);(15,18)"
20,15,8,"(0,19);(1,9);(2,15);(3,4);(5,18);(6,12);(11,16);(14,17)"
20,15,9,"(0,10);(2,18);(3,12);(5,7);(6,17);(8,9);(11,14);(13,16)"
20,15,10,"(1,18);(2,14);(3,5);(4,16);(7,17);(9,19);(10,12);(13,15)"
20,15,11,"(1,3);(2,9);(5,12);(6,13);(7,16);(8,10);(11,15);(17,19)"
20,15,12,"(0,13);(1,17);(2,16);(4,14);(6,10);(7,8);(11,18);(12,19)"
20,15,13,"(0,17);(1,16);(2,4);(3,18);(5,15);(6,11);(8,13);(9,14)"
20,15,14,"(0,2);(1,14);(3,16);(4,10);(6,7);(8,15);(11,13);(18,19)"
20,20,0,"(0,4);(1,3);(5,18);(6,7);(9,19);(10,17);(11,14);(13,16)"
20,20,1,"(0,2);(1,11);(4,5);(7,9);(8,16);(12,14);(13,19);(15,18)"
20,20,2,"(0,7);(1,8);(2,13);(3,10);(4,6);(5,11);(12,16);(17,18)"
20,20,3,"(0,8);(1,5);(3,9);(4,14);(6,10);(7,12);(11,13);(15,16)"
20,20,4,"(0,6);(1,16);(2,8);(3,17);(4,7);(5,12);(9,14);(10,15)"
20,20,5,"(1,17);(2,7);(5,16);(6,11);(8,14);(10,12);(13,18);(15,19)"
20,20,6,"(0,9);(2,3);(4,18);(6,14);(8,15);(10,13);(11,19);(16,17)"
20,20,7,"(0,10);(1,15);(2,19);(3,14);(5,17);(6,8);(9,16);(12,18)"
20,20,8,"(0,14);(1,7);(2,15);(3,18);(4,9);(6,19);(10,11);(13,17)"
20,20,9,"(0,18);(2,9);(3,11);(4,19);(5,15);(6,16);(7,8);(13,14)"
20,20,10,"(0,11);(1,12);(2,4);(5,19);(9,17);(10,16);(13,15);(14,18)"
20,20,11,"(0,15);(1,2);(3,4);(5,7);(8,18);(9,12);(10,14);(17,19)"
20,20,12,"(0,13);(1,18);(2,17);(3,8);(4,11);(7,16);(12,19);(14,15)"
20,20,13,"(0,17);(1,9);(2,10);(3,16);(5,13);(6,12);(7,18);(8,19)"
20,20,14,"(0,19);(2,16);(3,15);(4,17);(5,6);(7,10);(8,13);(11,12)"
20,20,15,"(0,16);(1,14);(3,5);(6,15);(7,11);(8,10);(9,18);(12,13)"
20,20,16,"(1,13);(2,11);(4,16);(5,14);(6,17);(8,9);(10,19);(12,15)"
20,20,17,"(2,5);(3,13);(4,12);(6,18);(7,15);(9,10);(11,17);(14,19)"
20,20,18,"(1,4);(2,12);(3,19);(6,9);(7,13);(8,11);(14,17);(16,18)"
20,20,19,"(0,12);(1,19);(3,6);(4,10);(5,8);(7,17);(9,15);(11,18)"
21,21,0,"(0,6);(2,3);(4,7);(8,13);(9,19);(10,15);(11,12);(16,20)"
21,21,1,"(0,5);(2,17);(3,10);(4,8);(6,19);(7,11);(9,16);(13,14)"
21,21,2,"(0,8);(1,2);(6,9);(7,19);(10,16);(11,18);(13,20);(14,15)"
21,21,3,"(1,5);(4,13);(6,12);(7,10);(8,16);(9,18);(11,15);(17,19)"
21,21,4,"(0,10);(1,12);(2,20);(3,15);(5,13);(6,14);(7,17);(8,9)"
21,21,5,"(0,7);(1,4);(3,8);(5,16);(9,14);(10,11);(12,19);(13,15)"
21,21,6,"(0,12);(1,20);(3,7);(5,9);(6,11);(8,14);(10,17);(13,16)"
21,21,7,"(4,14);(5,12);(7,18);(8,15);(9,13);(10,19);(11,16);(17,20)"
21,21,8,"(2,19);(4,9);(5,17);(6,18);(7,13);(8,11);(10,12);(14,16)"
21,21,9,"(0,11);(3,14);(4,12);(5,19);(6,10);(7,9);(8,20);(16,18)"
21,21,10,"(0,17);(1,16);(2,9);(3,18);(4,19);(6,15);(7,20);(8,10)"
21,21,11,"(0,15);(1,13);(2,18);(3,11);(4,10);(5,8);(6,7);(12,14)"
21,21,12,"(0,13);(1,18);(2,15);(3,16);(4,17);(5,6);(7,14);(12,20)"
21,21,13,"(0,14);(1,11);(2,8);(3,13);(4,20);(5,7);(12,18);(15,17)"
21,21,14,"(0,16);(1,15);(2,10);(3,9);(4,5);(12,17);(14,18);(19,20)"
21,21,15,"(0,20);(1,10);(2,7);(3,5);(6,17);(11,19);(13,18);(15,16)"
21,21,16,"(0,18);(1,9);(2,11);(3,6);(4,15);(5,20);(8,19);(14,17)"
21,21,17,"(0,19);(1,14);(2,6);(3,4);(5,15);(9,17);(12,16);(18,20)"
21,21,18,"(1,6);(2,4);(3,19);(5,14);(9,20);(10,18);(11,17);(12,13)"
21,21,19,"(1,7);(2,13);(3,12);(4,11);(6,8);(15,20);(16,17);(18,19)"
21,21,20,"(0,9);(1,8);(2,16);(10,20);(11,14);(12,15);(13,19);(17,18)"
22,11,0,"(0,14);(1,3);(4,6);(5,7);(8,15);(10,11);(17,19);(18,21)"
22,11,1,"(0,21);(2,6);(3,4);(9,12);(11,17);(13,19);(15,20);(16,18)"
22,11,2,"(2,14);(3,16);(4,7);(5,8);(9,10);(11,20);(12,18);(13,15)"
22,11,3,"(0,3);(1,7);(2,21);(4,18);(5,17);(6,12);(8,20);(13,16)"
22,11,4,"(0,11);(1,6);(2,18);(3,10);(5,21);(7,9);(8,13);(14,17)"
22,11,5,"(0,1);(4,19);(5,6);(8,18);(9,13);(10,20);(12,21);(14,15)"
22,11,6,"(2,5);(3,7);(6,10);(9,15);(12,20);(13,18);(16,19);(17,21)"
22,11,7,"(0,8);(1,10);(2,4);(3,11);(6,15);(13,20);(14,16);(19,21)"
22,11,8,"(0,12);(1,13);(3,14);(4,9);(5,19);(7,11);(10,15);(16,17)"
22,11,9,"(0,6);(1,5);(2,16);(7,14);(8,9);(11,12);(17,20);(18,19)"
22,11,10,"(1,17);(2,11);(4,12);(7,15);(8,14);(9,19);(10,16);(20,21)"
22,22,0,"(0,5);(1,8);(2,6);(4,12);(7,19);(9,14);(15,17);(16,20)"
22,22,1,"(0,2);(1,19);(5,17);(6,11);(7,15);(8,20);(10,14);(13,21)"
22,22,2,"(0,17);(5,16);(6,21);(7,10);(9,20);(12,13);(14,15);(18,19)"
22,22,3,"(0,12);(3,14);(4,5);(6,18);(7,20);(9,13);(10,16);(11,21)"
22,22,4,"(0,10);(1,18);(3,5);(4,13);(6,16);(7,17);(8,19);(12,20)"
22,22,5,"(2,3);(4,6);(7,9);(8,11);(12,19);(14,20);(15,18);(16,17)"
22,22,6,"(0,8);(1,10);(2,7);(3,11);(4,9);(5,12);(13,16);(15,20)"
22,22,7,"(0,11);(1,3);(4,8);(9,15);(12,18);(13,14);(16,19);(17,21)"
22,22,8,"(0,18);(1,14);(2,9);(3,6);(5,8);(10,19);(11,20);(12,16)"
22,22,9,"(1,4);(2,10);(3,15);(5,7);(8,14);(9,19);(13,18);(20,21)"
22,22,10,"(0,13);(1,12);(3,7);(4,10);(6,9);(11,18);(17,20);(19,21)"
22,22,11,"(0,14);(1,5);(2,16);(3,10);(6,8);(7,11);(9,17);(18,21)"
22,22,12,"(0,15);(1,11);(2,13);(4,20);(5,19);(6,17);(7,14);(8,18)"
22,22,13,"(0,16);(2,15);(3,12);(4,21);(6,14);(8,9);(11,19);(17,18)"
22,22,14,"(1,21);(2,5);(4,11);(6,15);(7,8);(9,18);(13,20);(14,16)"
22,22,15,"(0,19);(3,20);(5,6);(7,21);(9,10);(11,16);(12,17);(13,15)"
22,22,16,"(1,17);(2,12);(3,4);(5,10);(6,13);(11,15);(16,21);(18,20)"
22,22,17,"(2,19);(3,13);(4,16);(5,9);(7,12);(8,21);(10,18);(14,17)"
22,22,18,"(1,15);(2,21);(3,16);(4,14);(5,18);(8,12);(10,13);(17,19)"
22,22,19,"(0,20);(1,7);(2,8);(3,9);(5,11);(10,12);(13,19);(15,21)"
22,22,20,"(0,21);(1,20);(2,11);(3,17);(4,7);(6,19);(10,15);(12,14)"
22,22,21,"(0,6);(1,13);(2,14);(4,18);(8,10);(9,21);(11,17);(15,16)"
23,23,0,"(0,3);(1,16);(6,9);(7,18);(8,13);(12,20);(14,17);(19,21)"
23,23,1,"(0,4);(2,3);(6,19);(7,21);(9,18);(11,13);(12,15);(16,22)"
23,23,2,"(0,5);(2,13);(4,19);(7,16);(8,10);(9,22);(12,21);(14,20)"
23,23,3,"(1,10);(2,19);(5,20);(6,7);(8,18);(11,22);(13,15);(14,21)"
23,23,4,"(0,16);(1,5);(2,14);(3,15);(4,20);(6,11);(9,13);(17,21)"
23,23,5,"(0,18);(1,14);(4,13);(5,22);(7,9);(11,20);(15,17);(16,21)"
23,23,6,"(0,7);(1,17);(3,8);(4,12);(6,14);(9,21);(10,15);(20,22)"
23,23,7,"(1,15);(4,22);(5,21);(6,13);(7,17);(10,20);(11,12);(16,19)"
23,23,8,"(0,11);(1,18);(2,4);(7,10);(9,20);(14,19);(15,22);(16,17)"
23,23,9,"(2,10);(3,20);(4,9);(7,13);(11,14);(12,16);(15,18);(19,22)"
23,23,10,"(0,13);(2,7);(3,22);(5,16);(6,17);(8,19);(10,12);(11,18)"
23,23,11,"(0,14);(1,21);(2,15);(3,5);(6,12);(7,8);(10,22);(18,19)"
23,23,12,"(0,15);(1,13);(2,16);(3,21);(4,7);(6,18);(8,9);(17,20)"
23,23,13,"(0,19);(2,22);(4,15);(5,6);(8,11);(9,12);(10,18);(13,20)"
23,23,14,"(0,17);(1,22);(2,8);(3,11);(5,13);(7,19);(9,14);(18,21)"
23,23,15,"(1,8);(2,17);(3,12);(4,10);(5,9);(6,20);(11,15);(14,16)"
23,23,16,"(1,9);(2,18);(3,6);(5,14);(8,22);(10,17);(13,16);(20,21)"
23,23,17,"(1,11);(3,18);(4,6);(7,22);(8,12);(9,17);(13,19);(15,21)"
23,23,18,"(0,20);(1,7);(2,9);(3,4);(5,8);(10,13);(11,19);(12,18)"
23,23,19,"(0,21);(3,7);(4,11);(5,10);(8,17);(9,16);(12,13);(14,15)"
23,23,20,"(0,22);(3,17);(5,18);(6,8);(10,16);(11,21);(12,14);(15,19)"
23,23,21,"(1,19);(2,21);(4,17);(5,12);(6,15);(8,20);(10,14);(11,16)"
23,23,22,"(0,1);(2,20);(3,19);(4,14);(5,17);(6,10);(12,22);(16,18)"
24,3,0,"(2,13);(3,4);(6,12);(7,14);(8,11);(9,10);(15,19);(20,21)"
24,3,1,"(0,22);(1,8);(2,11);(3,7);(4,10);(5,6);(16,23);(17,18)"
24,3,2,"(0,5);(1,9);(12,21);(13,19);(14,20);(15,18);(16,17);(22,23)"
24,6,0,"(0,4);(1,19);(2,13);(3,11);(5,12);(9,16);(10,23);(14,17)"
24,6,1,"(0,12);(1,16);(2,17);(4,8);(5,10);(7,14);(13,22);(18,20)"
24,6,2,"(1,17);(5,20);(6,22);(7,10);(9,15);(11,12);(14,19);(16,21)"
24,6,3,"(0,9);(3,12);(4,16);(6,17);(8,10);(11,23);(15,21);(18,19)"
24,6,4,"(0,6);(2,18);(3,7);(4,13);(5,22);(8,14);(15,23);(20,21)"
24,6,5,"(1,13);(2,21);(3,18);(6,20);(7,15);(8,11);(9,19);(22,23)"
24,9,0,"(0,10);(1,21);(2,7);(3,22);(5,12);(6,9);(13,16);(20,23)"
24,9,1,"(1,3);(2,22);(4,16);(6,10);(8,15);(9,13);(11,17);(12,19)"
24,9,2,"(0,21);(1,11);(2,9);(5,23);(6,13);(7,20);(14,19);(15,16)"
24,9,3,"(0,9);(1,2);(4,5);(6,21);(8,16);(11,12);(13,19);(18,23)"
24,9,4,"(1,7);(2,23);(3,17);(5,18);(9,14);(10,20);(12,13);(15,19)"
24,9,5,"(0,3);(2,20);(4,8);(7,18);(10,11);(12,14);(17,19);(21,22)"
24,9,6,"(0,12);(3,8);(4,17);(5,21);(7,22);(11,23);(14,15);(18,19)"
24,9,7,"(1,6);(4,14);(5,8);(9,22);(10,15);(11,18);(16,17);(20,21)"
24,9,8,"(0,14);(3,16);(4,20);(6,17);(7,8);(10,18);(13,15);(22,23)"
24,12,0,"(2,16);(3,20);(4,19);(5,14);(6,23);(7,21);(9,11);(10,15)"
24,12,1,"(0,8);(1,11);(2,20);(5,18);(7,19);(12,13);(15,23);(21,22)"
24,12,2,"(0,13);(2,5);(3,10);(4,21);(8,17);(12,14);(15,18);(19,22)"
24,12,3,"(0,4);(1,22);(5,6);(9,15);(10,23);(13,16);(14,17);(19,20)"
24,12,4,"(0,9);(1,20);(3,4);(5,19);(6,8);(10,12);(11,23);(16,21)"
24,12,5,"(0,14);(1,17);(2,22);(7,9);(8,23);(11,12);(13,18);(15,16)"
24,12,6,"(0,19);(1,14);(2,6);(4,5);(11,21);(12,16);(13,15);(18,22)"
24,12,7,"(0,23);(1,6);(2,18);(3,16);(7,13);(8,20);(10,19);(15,17)"
24,12,8,"(1,12);(3,21);(4,13);(6,9);(7,17);(8,22);(10,16);(11,14)"
24,12,9,"(0,11);(3,7);(4,9);(6,12);(14,23);(16,22);(17,18);(20,21)"
24,12,10,"(2,12);(3,14);(5,8);(6,15);(7,18);(9,20);(10,17);(11,13)"
24,12,11,"(1,9);(2,19);(3,5);(4,18);(7,8);(10,21);(17,20);(22,23)"
24,15,0,"(0,8);(1,6);(2,13);(4,5);(7,14);(9,18);(10,19);(12,21)"
24,15,1,"(0,4);(1,9);(3,21);(5,14);(7,22);(11,12);(16,18);(17,20)"
24,15,2,"(2,4);(8,20);(9,16);(10,12);(11,21);(14,18);(15,22);(19,23)"
24,15,3,"(0,22);(1,11);(4,9);(5,19);(6,14);(8,23);(13,17);(15,21)"
24,15,4,"(0,11);(1,21);(2,17);(3,22);(4,13);(5,12);(16,23);(19,20)"
24,15,5,"(1,18);(3,14);(6,23);(7,21);(8,10);(11,15);(12,19);(13,20)"
24,15,6,"(3,8);(4,16);(5,11);(6,7);(9,15);(10,20);(12,23);(17,18)"
24,15,7,"(0,10);(1,13);(3,20);(6,22);(7,8);(11,14);(16,17);(19,21)"
24,15,8,"(0,18);(2,20);(3,7);(5,6);(8,17);(10,21);(13,16);(22,23)"
24,15,9,"(0,19);(2,21);(3,13);(4,17);(5,9);(10,16);(14,15);(18,20)"
24,15,10,"(0,23);(2,3);(5,13);(6,15);(7,12);(8,18);(11,16);(14,20)"
24,15,11,"(1,19);(2,10);(3,6);(4,18);(8,22);(9,12);(11,23);(15,17)"
24,15,12,"(1,22);(2,12);(5,8);(6,17);(7,10);(9,23);(13,19);(15,16)"
24,15,13,"(0,21);(1,23);(2,14);(3,11);(4,22);(6,9);(7,15);(12,20)"
24,15,14,"(0,13);(1,16);(2,19);(4,14);(5,15);(7,18);(9,17);(10,22)"
24,18,0,"(0,14);(1,23);(2,9);(4,7);(6,17);(13,18);(15,22);(16,19)"
24,18,1,"(0,2);(1,8);(4,16);(6,7);(9,18);(11,22);(13,14);(19,20)"
24,18,2,"(0,17);(3,8);(5,19);(6,12);(7,22);(9,20);(10,23);(18,21)"
24,18,3,"(0,19);(2,16);(3,12);(4,9);(5,10);(7,23);(11,13);(15,21)"
24,18,4,"(1,10);(4,14);(5,15);(7,13);(8,17);(9,21);(11,12);(18,20)"
24,18,5,"(0,20);(1,14);(2,11);(3,22);(4,17);(7,16);(12,19);(21,23)"
24,18,6,"(0,7);(1,3);(2,21);(4,22);(8,23);(9,19);(10,15);(12,20)"
24,18,7,"(0,10);(1,7);(3,17);(5,9);(8,14);(12,16);(13,15);(18,22)"
24,18,8,"(0,13);(1,4);(5,12);(6,15);(8,16);(9,11);(10,22);(18,23)"
24,18,9,"(1,12);(2,22);(5,7);(6,20);(9,10);(11,21);(14,19);(15,17)"
24,18,10,"(0,22);(1,13);(2,3);(4,20);(5,17);(6,14);(7,19);(12,23)"
24,18,11,"(1,16);(2,18);(3,6);(7,12);(8,13);(9,23);(10,17);(11,14)"
24,18,12,"(3,4);(5,8);(6,9);(11,15);(13,20);(14,21);(16,23);(18,19)"
24,18,13,"(0,15);(2,5);(6,19);(8,18);(10,20);(11,16);(14,22);(17,21)"
24,18,14,"(0,16);(1,21);(3,20);(4,15);(10,11);(12,22);(13,23);(17,19)"
24,18,15,"(0,18);(2,4);(3,15);(5,6);(8,10);(14,17);(20,21);(22,23)"
24,18,16,"(1,5);(2,13);(3,18);(6,21);(8,19);(9,12);(11,20);(14,16)"
24,18,17,"(2,8);(3,7);(4,5);(6,16);(10,21);(11,18);(13,17);(15,23)"
24,21,0,"(1,22);(4,11);(5,8);(6,20);(10,17);(12,23);(13,21);(14,19)"
24,21,1,"(0,18);(1,5);(3,10);(7,20);(8,14);(9,15);(11,22);(13,16)"
24,21,2,"(0,4);(2,20);(3,13);(6,14);(7,8);(10,11);(12,22);(17,23)"
24,21,3,"(0,14);(1,16);(4,22);(5,10);(6,17);(8,19);(9,13);(15,18)"
24,21,4,"(1,2);(3,22);(4,21);(7,10);(9,14);(13,19);(16,23);(18,20)"
24,21,5,"(0,15);(2,4);(5,14);(6,21);(7,12);(8,16);(9,22);(10,23)"
24,21,6,"(0,21);(2,11);(3,6);(8,22);(12,16);(13,20);(15,17);(18,23)"
24,21,7,"(0,12);(2,5);(3,9);(4,16);(7,18);(11,19);(13,22);(20,21)"
24,21,8,"(0,20);(1,13);(2,8);(4,23);(5,15);(9,16);(12,21);(17,19)"
24,21,9,"(1,11);(3,17);(4,18);(5,21);(6,7);(9,10);(12,19);(15,23)"
24,21,10,"(0,11);(1,10);(3,15);(5,6);(7,14);(8,12);(17,20);(18,21)"
24,21,11,"(0,19);(2,15);(6,12);(8,9);(10,20);(11,16);(13,17);(21,22)"
24,21,12,"(0,16);(1,21);(3,14);(4,5);(7,11);(8,17);(9,19);(10,22)"
24,21,13,"(0,17);(2,9);(10,21);(11,13);(12,18);(14,16);(15,19);(20,23)"
24,21,14,"(0,23);(2,17);(3,20);(4,6);(5,18);(10,15);(11,14);(19,21)"
24,21,15,"(1,7);(3,8);(4,9);(5,16);(6,19);(12,20);(15,21);(17,22)"
24,21,16,"(0,22);(1,18);(2,3);(5,9);(7,13);(8,23);(12,15);(16,19)"
24,21,17,"(1,19);(2,23);(3,12);(4,20);(5,7);(6,22);(8,18);(14,15)"
24,21,18,"(1,8);(2,22);(3,7);(6,10);(11,23);(13,15);(14,18);(16,17)"
24,21,19,"(1,9);(2,14);(4,7);(5,20);(6,11);(10,16);(13,23);(18,19)"
24,21,20,"(0,1);(2,6);(3,18);(4,17);(7,9);(11,21);(12,13);(14,23)"
24,24,0,"(0,12);(1,11);(4,19);(5,10);(8,21);(14,18);(15,20);(16,23)"
24,24,1,"(1,10);(3,20);(4,16);(5,15);(6,9);(7,13);(17,23);(18,21)"
24,24,2,"(0,19);(1,17);(2,6);(5,9);(7,14);(11,23);(16,18);(20,22)"
24,24,3,"(0,7);(1,6);(2,23);(3,16);(5,8);(10,14);(12,18);(15,22)"
24,24,4,"(0,5);(3,7);(4,17);(8,22);(9,16);(11,21);(12,13);(18,20)"
24,24,5,"(0,13);(1,2);(3,17);(8,20);(12,19);(14,23);(15,18);(21,22)"
24,24,6,"(0,18);(2,20);(3,6);(4,7);(10,11);(12,14);(15,17);(16,21)"
24,24,7,"(0,9);(1,3);(2,15);(4,12);(6,17);(7,8);(11,22);(13,20)"
24,24,8,"(0,16);(1,12);(3,9);(5,11);(6,21);(8,17);(10,13);(22,23)"
24,24,9,"(0,10);(1,9);(2,22);(3,4);(7,21);(8,13);(11,14);(17,19)"
24,24,10,"(0,20);(1,8);(2,11);(4,10);(5,22);(9,19);(13,18);(14,15)"
24,24,11,"(0,14);(1,23);(2,16);(4,8);(6,13);(7,22);(10,19);(20,21)"
24,24,12,"(3,18);(4,22);(7,17);(8,10);(11,20);(12,16);(14,21);(19,23)"
24,24,13,"(2,21);(3,13);(4,18);(5,12);(6,20);(7,23);(9,17);(15,19)"
24,24,14,"(0,15);(3,8);(5,7);(6,18);(9,23);(10,12);(13,21);(16,22)"
24,24,15,"(0,21);(2,9);(3,5);(4,23);(6,16);(7,10);(11,18);(14,19)"
24,24,16,"(0,23);(1,19);(2,17);(5,13);(8,12);(9,11);(14,20);(15,16)"
24,24,17,"(0,22);(1,21);(3,19);(4,20);(5,6);(7,12);(11,15);(13,16)"
24,24,18,"(1,20);(2,5);(4,21);(7,19);(8,11);(9,18);(10,17);(12,15)"
24,24,19,"(1,13);(3,23);(4,6);(8,15);(10,20);(12,22);(14,17);(16,19)"
24,24,20,"(2,7);(3,11);(4,9);(5,21);(6,19);(10,16);(13,14);(18,23)"
24,24,21,"(2,14);(5,17);(6,7);(8,9);(10,15);(11,12);(13,22);(18,19)"
24,24,22,"(1,15);(2,13);(6,14);(8,18);(9,21);(16,17);(19,22);(20,23)"
24,24,23,"(0,6);(1,14);(2,10);(3,15);(4,11);(5,23);(9,22);(12,17)"
24,27,0,"(0,2);(3,22);(7,10);(8,9);(11,13);(12,20);(14,21);(18,23)"
24,27,1,"(0,18);(1,9);(2,15);(3,13);(7,14);(8,22);(17,20);(19,23)"
24,27,2,"(0,6);(1,20);(2,8);(4,17);(7,11);(9,19);(10,23);(15,22)"
24,27,3,"(0,5);(3,12);(4,6);(7,22);(9,23);(10,21);(11,19);(14,16)"
24,27,4,"(0,11);(1,8);(2,5);(3,4);(6,9);(10,17);(13,22);(16,19)"
24,27,5,"(2,19);(3,7);(5,16);(6,20);(9,18);(11,17);(14,22);(15,23)"
24,27,6,"(0,8);(2,4);(5,17);(6,18);(7,13);(11,21);(12,23);(20,22)"
24,27,7,"(0,19);(2,9);(3,6);(4,15);(7,17);(12,18);(13,20);(16,22)"
24,27,8,"(0,10);(1,18);(2,13);(3,16);(6,14);(11,22);(12,17);(19,20)"
24,27,9,"(0,17);(1,14);(2,7);(3,18);(5,13);(8,19);(11,15);(16,23)"
24,27,10,"(0,16);(1,22);(3,8);(4,12);(6,21);(7,18);(13,23);(15,17)"
24,27,11,"(0,12);(1,23);(3,10);(4,9);(5,21);(8,17);(11,20);(15,18)"
24,27,12,"(0,14);(1,13);(2,16);(4,7);(5,15);(8,10);(11,23);(18,21)"
24,27,13,"(1,7);(3,5);(6,17);(9,12);(10,15);(16,18);(19,22);(20,23)"
24,27,14,"(0,15);(2,21);(5,9);(6,11);(7,19);(10,20);(14,17);(22,23)"
24,27,15,"(0,20);(2,12);(3,17);(4,19);(9,11);(10,16);(14,23);(18,22)"
24,27,16,"(1,3);(2,6);(4,22);(5,10);(7,21);(8,13);(12,14);(16,20)"
24,27,17,"(1,21);(3,23);(5,19);(6,7);(8,14);(9,10);(12,15);(13,17)"
24,27,18,"(0,21);(1,19);(2,23);(4,10);(5,22);(7,15);(11,16);(14,18)"
24,27,19,"(0,22);(1,12);(3,9);(4,18);(6,16);(8,21);(13,19);(15,20)"
24,27,20,"(0,23);(1,2);(3,15);(4,20);(5,8);(6,10);(7,16);(9,21)"
24,27,21,"(2,10);(3,21);(6,8);(9,20);(11,14);(12,19);(13,16);(17,23)"
24,27,22,"(1,4);(5,23);(7,12);(8,16);(10,13);(11,18);(14,19);(15,21)"
24,27,23,"(1,11);(4,8);(5,6);(7,20);(9,14);(12,21);(13,18);(17,22)"
24,27,24,"(1,6);(4,13);(5,20);(8,12);(10,14);(15,16);(17,18);(19,21)"
24,27,25,"(2,14);(3,19);(4,11);(5,18);(8,15);(9,17);(10,12);(13,21)"
24,27,26,"(0,13);(1,5);(2,11);(4,14);(6,22);(9,15);(12,16);(20,21)"
24,30,0,"(0,5);(2,3);(8,9);(10,15);(11,23);(12,14);(13,16);(19,21)"
24,30,1,"(0,3);(2,21);(6,13);(7,16);(8,10);(12,22);(14,17);(20,23)"
24,30,2,"(0,8);(1,17);(2,12);(3,19);(5,9);(6,22);(7,20);(14,18)"
24,30,3,"(0,12);(1,22);(3,17);(4,6);(7,10);(8,13);(15,20);(18,21)"
24,30,4,"(0,11);(1,2);(3,14);(9,17);(12,23);(13,21);(15,18);(19,20)"
24,30,5,"(0,6);(1,23);(2,9);(4,22);(5,13);(7,8);(11,18);(14,21)"
24,30,6,"(0,7);(1,15);(2,22);(3,12);(4,17);(5,10);(6,21);(9,16)"
24,30,7,"(0,9);(2,15);(3,18);(4,7);(5,21);(13,23);(16,19);(17,20)"
24,30,8,"(0,13);(1,11);(2,14);(5,22);(6,15);(9,23);(10,12);(17,18)"
24,30,9,"(2,16);(3,21);(4,5);(9,15);(10,13);(11,17);(14,23);(18,19)"
24,30,10,"(3,5);(4,16);(6,7);(8,23);(10,18);(11,20);(13,14);(15,21)"
24,30,11,"(0,15);(3,23);(4,20);(8,17);(9,10);(11,14);(12,19);(16,22)"
24,30,12,"(0,14);(1,12);(5,17);(7,21);(8,18);(10,19);(13,22);(15,23)"
24,30,13,"(0,16);(1,3);(2,5);(4,21);(7,12);(8,15);(10,23);(19,22)"
24,30,14,"(2,13);(4,23);(5,6);(7,14);(8,16);(9,21);(15,19);(20,22)"
24,30,15,"(0,19);(1,20);(2,18);(4,11);(7,17);(12,15);(16,23);(21,22)"
24,30,16,"(0,17);(1,6);(2,8);(4,9);(5,19);(7,18);(12,20);(14,15)"
24,30,17,"(0,18);(1,4);(2,6);(3,10);(8,20);(9,13);(11,15);(12,16)"
24,30,18,"(0,21);(2,23);(5,18);(6,9);(7,11);(10,16);(12,13);(14,19)"
24,30,19,"(0,20);(1,18);(3,11);(4,13);(8,14);(12,17);(15,22);(21,23)"
24,30,20,"(0,22);(4,14);(6,10);(8,12);(11,13);(15,17);(16,21);(18,20)"
24,30,21,"(1,16);(3,20);(5,14);(6,8);(7,22);(9,11);(13,15);(17,21)"
24,30,22,"(0,23);(1,10);(3,6);(5,8);(7,19);(11,22);(14,16);(20,21)"
24,30,23,"(1,14);(2,4);(3,7);(5,15);(6,18);(11,19);(13,20);(16,17)"
24,30,24,"(2,20);(4,19);(5,7);(6,14);(9,12);(10,22);(16,18);(17,23)"
24,30,25,"(1,19);(3,9);(4,18);(5,12);(6,23);(8,22);(10,20);(11,21)"
24,30,26,"(1,9);(2,7);(3,13);(5,16);(6,20);(8,19);(10,11);(22,23)"
24,30,27,"(1,7);(3,4);(5,11);(6,16);(9,20);(10,21);(13,18);(17,19)"
24,30,28,"(1,13);(2,19);(4,10);(8,11);(9,14);(12,18);(15,16);(17,22)"
24,30,29,"(0,1);(2,10);(3,22);(4,8);(6,17);(7,9);(11,12);(19,23)"
24,33,0,"(0,2);(1,10);(3,15);(5,6);(8,21);(9,20);(12,16);(14,17)"
24,33,1,"(0,4);(1,17);(2,7);(3,23);(5,20);(8,19);(11,14);(18,22)"
24,33,2,"(0,5);(1,6);(2,20);(3,9);(4,12);(8,22);(11,18);(16,19)"
24,33,3,"(0,7);(1,21);(3,22);(4,15);(6,10);(8,14);(12,19);(16,20)"
24,33,4,"(0,16);(5,8);(6,18);(10,14);(11,20);(12,15);(13,21);(22,23)"
24,33,5,"(0,6);(1,14);(2,22);(3,7);(4,9);(5,10);(12,13);(19,20)"
24,33,6,"(0,8);(1,13);(2,6);(4,17);(5,9);(10,16);(11,19);(21,23)"
24,33,7,"(0,9);(2,12);(3,13);(5,21);(6,19);(7,17);(10,20);(15,16)"
24,33,8,"(0,10);(1,11);(2,9);(3,14);(4,21);(5,13);(7,23);(17,20)"
24,33,9,"(0,13);(1,8);(2,23);(4,18);(7,21);(12,20);(14,16);(17,19)"
24,33,10,"(0,11);(3,10);(4,5);(6,17);(9,18);(14,15);(16,21);(19,22)"
24,33,11,"(0,12);(1,3);(2,11);(6,15);(8,18);(13,22);(17,23);(20,21)"
24,33,12,"(0,19);(2,15);(3,8);(4,23);(6,9);(11,22);(12,17);(13,14)"
24,33,13,"(0,14);(2,16);(3,18);(4,20);(5,23);(7,8);(10,19);(12,22)"
24,33,14,"(0,15);(1,20);(2,14);(6,23);(7,9);(11,16);(13,17);(18,21)"
24,33,15,"(0,18);(1,7);(2,8);(3,5);(4,19);(6,21);(11,12);(16,22)"
24,33,16,"(0,17);(2,18);(4,13);(5,12);(7,15);(8,9);(11,21);(14,19)"
24,33,17,"(0,22);(3,11);(4,6);(8,15);(9,19);(10,23);(14,21);(18,20)"
24,33,18,"(1,22);(5,18);(7,12);(9,16);(10,17);(11,23);(13,20);(15,19)"
24,33,19,"(0,20);(1,19);(2,21);(3,16);(5,15);(9,14);(10,13);(18,23)"
24,33,20,"(0,21);(1,16);(2,13);(3,6);(4,14);(7,22);(8,17);(10,18)"
24,33,21,"(0,23);(1,4);(3,19);(5,22);(6,14);(7,16);(8,10);(15,18)"
24,33,22,"(3,21);(5,7);(6,16);(9,11);(10,12);(13,23);(15,17);(20,22)"
24,33,23,"(1,2);(3,17);(4,16);(8,13);(9,23);(10,11);(15,20);(19,21)"
24,33,24,"(2,19);(3,4);(6,22);(8,12);(9,21);(11,15);(16,23);(17,18)"
24,33,25,"(4,8);(5,16);(6,7);(9,15);(10,22);(12,14);(13,18);(19,23)"
24,33,26,"(1,5);(6,13);(7,11);(9,10);(12,18);(14,23);(15,22);(17,21)"
24,33,27,"(1,23);(5,14);(7,10);(8,20);(9,12);(13,15);(16,17);(18,19)"
24,33,28,"(1,18);(2,3);(4,10);(6,20);(7,19);(11,17);(13,16);(21,22)"
24,33,29,"(1,15);(2,17);(3,20);(7,14);(8,11);(9,22);(12,21);(13,19)"
24,33,30,"(1,12);(2,5);(4,22);(7,20);(9,17);(11,13);(14,18);(15,23)"
24,33,31,"(2,4);(3,12);(5,17);(6,11);(7,18);(8,23);(10,21);(14,22)"
24,33,32,"(0,1);(4,7);(5,11);(6,12);(8,16);(9,13);(10,15);(20,23)"
